LAT,LON,ORIENTX,ORIENTY,ORIENTZ,ORIENTW,STEER,THR
24.998032705688477,121.32316626416015,0.013154147558558238,0.005102214977616693,-0.9996385735542949,-0.02288357635214026,30.0,0.0
24.998030798339844,121.32316626416015,0.013407224823136688,0.00504781104892177,-0.9993235276901784,-0.033871122376050694,-109.0,0.0
24.99802889099121,121.32316626416015,0.01338526270187469,0.005162245041351909,-0.9992210449389397,-0.03676260762879112,-64.0,0.0
24.99802698364258,121.32316626416015,0.010194148655055852,0.009748750176718345,-0.9841997784965771,-0.176498830620713,-126.5,0.0
24.998025076293946,121.32316626416015,0.014203195883061253,0.005521250763734577,-0.954869294314779,-0.29663515602758106,-24.0,0.0
24.998023168945313,121.32316626416015,0.024041878116260244,-0.003007230824120715,-0.9555701787147286,-0.2937661965075545,-182.0,95.0
24.99802126159668,121.32317389355468,0.01353104796730919,0.00521763717821408,-0.9565853742297683,-0.29109123795277175,253.0,0.0
24.998019354248047,121.32317389355468,0.012535555305605406,0.007888602568823634,-0.952662304340027,-0.3036694974676265,724.0,0.0
24.998017446899414,121.32317389355468,0.014768555400368803,0.005633947591867565,-0.9591532088016265,-0.2824451636184654,-182.0,0.0
24.99801553955078,121.32317389355468,0.0030386370034820287,0.013186694441860576,-0.9998081637127115,-0.01416028065660231,-182.0,0.0
24.99801363220215,121.32317389355468,0.011735434502277159,0.007423484811000316,-0.9563026927351463,-0.29204850850126246,481.5,0.0
24.99801363220215,121.32318152294921,0.007475115301925621,0.009909232412241033,-0.9516953694777951,-0.3067928510880694,1843.0,83.0
24.998011724853516,121.32318152294921,0.007189156887667158,0.00891925188350885,-0.9592996363595595,-0.2821577052811061,1858.0,0.0
24.998009817504883,121.32318152294921,0.020429416018855746,-0.0038768701745057715,-0.948563835044438,-0.31590229452247864,342.0,103.0
24.99800791015625,121.32318152294921,0.010841704129102406,0.0059830704081939995,-0.9502424310956759,-0.31126513210677387,371.0,28.0
24.99800791015625,121.32318915234374,0.011757452506748542,0.010231275394106272,-0.9604241538509796,-0.2781052462899458,449.0,62.0
24.998006002807617,121.32318915234374,0.012303058147501078,0.0026702442685127667,-0.9987061920668827,-0.04926912301870755,-182.0,20.0
24.998004095458985,121.32318915234374,0.018204408244406438,-0.005074898076798469,-0.9985469624977604,-0.05046591539323531,-182.0,88.0
24.998002188110352,121.32318915234374,0.017150116111501898,-0.00391235753335912,-0.9981636630780579,-0.05796437428702577,-182.0,26.0
24.99800028076172,121.32319678173828,0.0122975748283708,0.005304812863023561,-0.9991749015585164,-0.03834246613557824,-182.0,47.0
24.997998373413086,121.32319678173828,0.006581041293729969,0.010539819610272002,-0.9997055209884084,-0.020844025603709383,-182.0,51.0
24.997996466064453,121.32319678173828,0.005497997317916837,0.011063568546096223,-0.9879195708230517,-0.15447424076950542,-182.0,50.0
24.997996466064453,121.3232044111328,0.013344766635137797,0.006932670054865197,-0.9626678091751478,-0.27026754238584594,-738.0,64.0
24.99799455871582,121.3232044111328,0.014544485445150447,0.006643651877506802,-0.9610800080366017,-0.27580706659770704,-738.0,64.0
24.997992651367188,121.3232044111328,0.014609460831045048,0.007609761339106141,-0.9560403747775523,-0.29277202219779347,-182.0,92.0
24.997990744018555,121.3232044111328,0.014209030746624862,0.006083544878618978,-0.9868971832996575,-0.160608354459392,-182.0,97.0
24.997988836669922,121.32321204052734,0.017351840204640694,0.0035984144264232074,-0.9855108835485347,-0.16868391583821693,-378.0,93.0
24.99798692932129,121.32321204052734,0.015515270926823746,0.009065316424175065,-0.9552284492309567,-0.29532305393588576,-182.0,92.5
24.997985021972656,121.32321204052734,0.012225088253651022,0.012476073939039375,-0.9567096964625453,-0.29051927903463165,-182.0,40.0
24.997983114624024,121.32321966992187,0.019321090526521544,1.40530424866522e-06,-0.9842012098938149,-0.175996232637071,-182.0,94.0
24.99798120727539,121.32321966992187,0.01221202564066862,0.0068741434688110396,-0.9989996170094153,-0.04246619592526531,-182.0,28.0
24.997979299926758,121.3232272993164,0.009530737897000627,0.010769680258042156,-0.9519695264650401,-0.3058548670598617,-182.0,80.0
24.997977392578125,121.3232272993164,0.010784505896705552,0.008560027737053168,-0.9999038965589647,-0.0016180246919778127,-182.0,80.0
24.99797357788086,121.3232272993164,0.005081286102602422,0.0156508737538664,-0.9486306029094097,-0.3159576077672669,469.0,50.0
24.99797357788086,121.32323492871093,0.012311372867510228,0.007126473456857483,-0.9994667062096864,-0.029392969440772625,238.0,50.0
24.997971670532227,121.32323492871093,0.01343101784898278,0.004553290803074648,-0.9530066682182484,-0.30261719322265307,49.0,73.0
24.997969763183594,121.32323492871093,0.00317612187629142,0.0166609395870115,-0.9541943742684548,-0.2987062460952846,56.0,55.0
24.997969763183594,121.32324255810546,0.019633609096930193,0.005662575664371623,-0.9989728829607879,-0.0404429937033077,192.0,67.0
24.99796594848633,121.32324255810546,0.014402643607455572,0.006810279843828099,-0.9564304521098156,-0.2915252548623862,521.0,44.0
24.997964041137696,121.32324255810546,0.007706832846852009,0.012808457051026595,-0.9572051235961009,-0.2890240466065344,585.0,77.0
24.997962133789063,121.3232501875,0.013150334489789145,0.0065977710910874905,-0.9993876272485088,-0.03174757663242452,771.0,69.0
24.997958319091797,121.3232501875,0.01754943808086784,0.006070638673689156,-0.9611663581498685,-0.2753441419933566,506.0,63.0
24.997956411743164,121.32325781689453,0.01062825989990995,0.007046455324276947,-0.9867640949616757,-0.16166016347056048,1176.0,7.0
24.99795450439453,121.32325781689453,0.018029417807239857,0.005493254277933722,-0.9539413897057029,-0.29940038286101545,506.0,23.0
24.9979525970459,121.32326544628906,0.007788863997092141,0.014076305205663803,-0.9533427904746091,-0.3014609677544956,1123.0,10.0
24.997950689697266,121.32326544628906,0.010331563436094272,0.008086776930895538,-0.9877858002146014,-0.15526453468270077,349.0,69.0
24.997948782348633,121.32327307568359,0.010168015973307099,0.009381186969861522,-0.9998812436121354,-0.006789952492669334,-83.0,23.0
24.997946875,121.32327307568359,0.007874205028348269,0.010373709120027103,-0.9998561621095421,-0.010864536154005235,-300.0,68.0
24.997944967651367,121.32327307568359,0.018695000126744223,0.006779021646552437,-0.9878889972933322,-0.15388265289678135,192.0,69.0
24.997944967651367,121.32328070507812,0.004568118641812926,0.012971863001145256,-0.9998760205116584,-0.007668550588191167,-1092.0,0.0
24.997943060302735,121.32328070507812,0.004192359760868568,0.013846256204793494,-0.9998758486405497,0.006244406624090716,-77.0,36.0
24.997941152954102,121.32328070507812,0.022184561269947226,0.006442817015688343,-0.987311487305894,-0.1571062137026599,192.0,55.0
24.997941152954102,121.32328833447265,0.008237206618637829,0.013331491985085308,-0.9524617981942466,-0.3042547332896498,-78.0,48.0
24.99793924560547,121.32328833447265,0.008093910327857497,0.012668857450033245,-0.9998594871005201,-0.00741584260890598,-78.0,95.5
24.997937338256836,121.32328833447265,0.021448697592551483,0.005366976436968015,-0.9537534415261836,-0.2997757857340533,-64.0,91.0
24.997935430908203,121.32329596386718,0.023477488383528658,0.003633503075732134,-0.9841890024925686,-0.175520974721778,-64.0,92.0
24.99793352355957,121.32329596386718,0.024763968961288924,0.006992634448737604,-0.9989870754497002,-0.03691438729283881,-64.0,93.0
24.997931616210938,121.32330359326171,0.013403934062570382,0.007757257573634211,-0.9991290593555853,-0.038746383802953616,-59.0,10.0
24.997929708862305,121.32330359326171,0.012872122606349212,0.0016853782410368588,-0.9990606119219915,-0.041344427264720957,-58.0,19.0
24.997927801513672,121.32330359326171,0.01402147574143897,0.006010361291858489,-0.9990817754231833,-0.040035981222313485,344.0,0.0
24.997927801513672,121.32331122265624,0.006777338938759944,0.008773282934142966,-0.9429538101795081,-0.3327389503070158,237.0,37.0
24.99792589416504,121.32331122265624,0.005695324324189389,0.009748843263041774,-0.947635239712762,-0.3191550967639581,-96.0,11.0
24.997923986816406,121.32331122265624,0.0024194194143556487,0.010591238516023546,-0.9988513822051664,-0.046667851281396285,-97.0,50.0
24.997922079467774,121.32331122265624,0.007245561551169002,0.010512141312135589,-0.9835083648826098,-0.18041145453872118,-13.0,17.0
24.997922079467774,121.32331885205078,0.00457816353412464,0.010855376931230514,-0.9813023228158887,-0.1921118227660058,-10.0,0.0
24.99792017211914,121.32331885205078,0.010577131205548792,0.005943489420052571,-0.9419468292258915,-0.33554279926749114,188.0,0.0
24.997918264770508,121.32331885205078,0.013628806646516584,0.0033811884951588213,-0.9444208788627974,-0.3284387717090867,581.0,0.0
24.997916357421875,121.3233264814453,0.0062821805897143495,0.009686509968094129,-0.9393189464639455,-0.34285072924749604,147.0,35.0
24.99791254272461,121.32333411083984,0.0010707537102494107,0.0119419771400935,-0.9807232629222145,-0.19503364897289513,186.5,52.0
24.997910635375977,121.32333411083984,0.004406452251034278,0.012108268790438964,-0.9805984524372724,-0.19560329261820805,260.0,48.0
24.997908728027344,121.32333411083984,0.005999535525031222,0.010712575535257715,-0.9450895692275988,-0.32658069819889407,239.0,45.0
24.997908728027344,121.32334174023437,0.010010129028543072,0.00787048632916101,-0.998671825224746,-0.049924325374000676,2910.0,53.5
24.99790682067871,121.32334174023437,0.01045663986879937,0.004414248411478932,-0.997707965533296,-0.06670823491164914,1686.0,52.0
24.99790491333008,121.32334174023437,0.01687778648520505,0.0003220964067343736,-0.9781667558286751,-0.20713482171974293,419.0,0.0
24.99790491333008,121.3233493696289,0.012239320648824407,0.006577546596068457,-0.9985473299856396,-0.05205924211302071,566.5,31.5
24.997903005981446,121.3233493696289,0.012081300817984034,0.005824914755353583,-0.9983887650621144,-0.05513607110036293,211.0,12.0
24.997901098632813,121.3233493696289,0.005659703669547178,0.008940115995773485,-0.9985922146734114,-0.05197721495045925,-255.0,82.0
24.997901098632813,121.32335699902343,0.012547134438043395,0.0034036530741782473,-0.9980819156721165,-0.06052664017953028,-255.0,82.0
24.99789919128418,121.32335699902343,0.022739709079976682,-0.008071301495679584,-0.9971363993456941,-0.07167119939716624,-144.0,62.0
24.997897283935547,121.32335699902343,0.01918746301262856,-0.0027830455591754135,-0.9976253394540187,-0.06608916703824169,74.0,58.5
24.997895376586914,121.32336462841796,0.006561215574998125,0.008484905256169694,-0.9987203560869816,-0.049422739406720234,2852.0,80.0
24.99789346923828,121.32336462841796,0.011969623990731315,0.003867854267722614,-0.9984978195141809,-0.0533279685560042,76.0,0.0
24.99789156188965,121.32336462841796,0.007944958015202314,0.013914849791009706,-0.9990180255247155,-0.041306649272594906,129.0,0.0
24.997889654541016,121.3233722578125,0.005415116545624409,0.008080886146077078,-0.999395739647264,-0.03336961742048359,-380.0,0.0
24.997887747192383,121.3233722578125,0.0034577860656449817,0.011470597482485035,-0.9994318825612284,-0.03150208293173926,-64.0,95.0
24.99788583984375,121.32337988720703,0.00868509862853938,0.001960707395591392,-0.9990777076018413,-0.04200546228017438,5.0,67.0
24.997883932495117,121.32337988720703,0.014636727572642852,-0.0005730273105318369,-0.998341461426453,-0.05567552642373409,5.0,0.0
24.997882025146485,121.32337988720703,0.009656271728338576,0.0051603016135552335,-0.9987004858783607,-0.04977416207121937,5.0,20.0
24.997880117797852,121.32338751660156,0.009724564345958671,0.0032396054081107193,-0.9988252060005584,-0.047361858736994965,5.0,0.0
24.99787821044922,121.32338751660156,0.005527127496201896,0.009322461069907598,-0.999196929229052,-0.038575111153096,271.0,0.0
24.99787821044922,121.32339514599609,0.007294090272564636,0.0063163713600859935,-0.9991972060891842,-0.03888242589532403,271.0,0.0
24.997876303100586,121.32339514599609,0.012884491068800871,0.001607206709294653,-0.9987585515657715,-0.04809118890954522,271.0,0.0
24.997874395751953,121.32339514599609,0.009737791342997138,0.005188962462286669,-0.9990479666866227,-0.04220675713260055,271.0,83.0
24.99787248840332,121.32339514599609,0.01603746118389883,-0.0029939533253045417,-0.9983261763108944,-0.05548587004571268,271.0,39.0
24.99787248840332,121.32340277539062,0.026670982395211783,-0.014769792622135125,-0.9971591433651926,-0.068877824640218,271.0,0.0
24.997870581054688,121.32340277539062,0.00805304259666208,0.004866314697017017,-0.9991284992476767,-0.04066582689791377,271.0,0.0
24.997868673706055,121.32340277539062,0.007559284763602652,0.008783049789954577,-0.9989460913208458,-0.04441195655512451,271.0,91.0
24.997866766357422,121.32340277539062,0.01908895102075434,-0.007338657785118125,-0.997781535781433,-0.06335426508519544,258.0,0.0
24.997866766357422,121.32341040478515,0.01656462329364538,-0.004377791897758503,-0.9987332659239946,-0.047310799296049075,271.0,0.0
24.99786485900879,121.32341040478515,0.013477025573615953,-0.000673963765606045,-0.9982270103897264,-0.057971987053403444,258.0,0.0
24.997862951660156,121.32341040478515,0.007280859871699686,0.006078051027352738,-0.9991846394205521,-0.03924414250890175,262.5,0.0
24.997861044311524,121.32341040478515,0.0056751009732104365,0.009428352684224806,-0.999354384157904,-0.034201085640400745,262.5,0.0
24.997861044311524,121.32341803417968,0.0022167792566921835,0.011010013642087514,-0.9996312373002517,-0.024723569784643868,239.0,0.0
24.99785913696289,121.32341803417968,0.006769911679277495,0.005026639579261188,-0.9994331485721275,-0.03259267901843222,187.0,0.0
24.997857229614258,121.32341803417968,0.01307384671902289,0.0005992711399377015,-0.9990361825609239,-0.041897748628831014,258.0,0.0
24.997855322265625,121.32341803417968,0.008064428423241114,0.003183330966190878,-0.9995661309705971,-0.02814926668027376,185.0,0.0
24.998019354248047,121.32319678173828,0.01604541137687125,0.0028985048116168524,-0.9995203417083961,-0.026329260428942097,-144.0,0.0
24.99802126159668,121.32318915234374,0.01720725387769191,0.00013343379609071556,-0.9989912257881853,-0.04147798702480415,-168.0,59.0
24.998023168945313,121.32318915234374,0.01715947822042174,0.001962636949928675,-0.9991610042391716,-0.03713472729367356,-57.0,64.0
24.998019354248047,121.32318915234374,0.0155819624059778,0.004397778156669167,-0.9990880549407071,-0.03950848604614107,51.0,57.0
24.998017446899414,121.32318915234374,0.013015183799854536,0.005432391609889302,-0.9989131134583701,-0.044426184541983375,45.5,0.0
24.99801553955078,121.32318915234374,0.013279050979585259,0.004750402680051473,-0.951753310816202,-0.30653994165501025,48.0,0.0
24.99801553955078,121.32319678173828,0.01431228947032133,0.0035608728239627406,-0.9993351104070267,-0.033343899931248006,101.0,60.0
24.99801363220215,121.32319678173828,0.013671492094586589,0.003721679344396105,-0.9990604484653878,-0.04095680308450962,172.5,64.0
24.998011724853516,121.32319678173828,0.014209990300299133,0.0036856577417938192,-0.9990821586101366,-0.04024093002883322,212.5,91.0
24.998009817504883,121.32319678173828,0.016052160083513567,0.0036574589452940884,-0.9524447086902574,-0.3042663767797015,-195.0,64.0
24.998009817504883,121.3232044111328,0.016004748311665568,0.002596325312565291,-0.9993838100353095,-0.031130489325736466,778.0,61.0
24.99800791015625,121.3232044111328,0.01560775138311999,0.0037784369061666595,-0.999274556937085,-0.034532323546223896,-16.0,77.0
24.998006002807617,121.3232044111328,0.015922366428684644,0.004198300328486835,-0.9991897577526982,-0.036724385954929765,122.0,64.0
24.998004095458985,121.3232044111328,0.017805909954768665,0.0024356547961557557,-0.9532863751865003,-0.3015329236421447,135.0,64.0
24.998002188110352,121.3232044111328,0.002827788510593522,0.014482311452328972,-0.9524207626699124,-0.30442890319810295,129.0,26.0
24.998002188110352,121.32321204052734,0.015735792337030454,0.006477510178967772,-0.9995673475007857,-0.02399050878266009,15.5,60.5
24.99800028076172,121.32321204052734,0.0017690604860067993,0.015953389720121374,-0.9540652012442982,-0.2991687676815739,344.0,63.0
24.997998373413086,121.32321204052734,0.018188165370903984,0.0043886957581447915,-0.9583996850828557,-0.2848156835974211,-189.0,61.0
24.997996466064453,121.32321204052734,0.017204628083616048,0.004765606696517964,-0.9857112611094173,-0.1674950730242559,-157.0,48.5
24.99799455871582,121.32321966992187,0.01595469280782594,0.0065862721496922644,-0.9993989438414853,-0.030063596676077286,-156.5,61.0
24.997992651367188,121.32321966992187,0.015987985281653048,0.004219048882816406,-0.9994974038643203,-0.02704669335874177,-157.0,59.0
24.997990744018555,121.32321966992187,0.01704134020325952,0.004721552239891838,-0.9994781396359911,-0.02703235206750088,-161.0,63.0
24.997988836669922,121.32321966992187,0.00786881351637768,0.009832804993794728,-0.9836224757803363,-0.179800508507512,-189.5,63.0
24.997988836669922,121.3232272993164,0.012995407854054274,0.010066684263976396,-0.9876453446996174,-0.15584111888654398,54.0,61.5
24.99798692932129,121.3232272993164,0.016368399376338764,0.005938872709044834,-0.9995445491246803,-0.02464750713442909,-195.0,60.0
24.997985021972656,121.3232272993164,0.004578424010725512,0.016986046409478962,-0.9484097132787587,-0.31655888554810113,529.5,31.5
24.997983114624024,121.3232272993164,0.016838576320077132,0.005380047496301527,-0.9995773868484913,-0.023077372848578324,-25.0,63.0
24.99798120727539,121.32323492871093,0.011193565054526948,0.011837068585891269,-0.9883558109978452,-0.15128575205700923,185.0,63.0
24.997979299926758,121.32323492871093,0.0031354481139321206,0.018393759215314585,-0.9515491601809949,-0.30693001538770515,16.0,48.0
24.997977392578125,121.32323492871093,0.01731528684141787,0.006087075362937753,-0.9994573540130428,-0.02735188959418389,75.0,66.0
24.997975485229492,121.32323492871093,0.017056186727713512,0.007008809345286799,-0.9994440337018957,-0.02777744739090682,89.0,71.0
24.99797357788086,121.32324255810546,0.020071207963058002,0.006539318076235676,-0.9819256231326726,-0.18808629552818149,513.0,87.5
24.997971670532227,121.32324255810546,0.016622124053884753,0.0076961158730328464,-0.9872438208596364,-0.15815850583156155,31.0,95.5
24.99796785583496,121.3232501875,0.02037773782498005,0.0038195193070244826,-0.9558168092654983,-0.2932309434539982,69.5,87.5
24.99796594848633,121.3232501875,0.023557298283343953,0.003773372163745985,-0.9823211013074146,-0.1856773257193552,473.5,87.0
24.997964041137696,121.3232501875,0.0181007646254267,0.007076430044622192,-0.9990536889591508,-0.0389103204164526,192.0,69.0
24.997962133789063,121.32325781689453,0.02303213196545452,0.001984114051850407,-0.9510510639390458,-0.30816790548167783,50.5,91.5
24.99796022644043,121.32325781689453,0.021141229242253454,0.003995215851605059,-0.9850568105357401,-0.17088056265585144,473.5,69.0
24.997958319091797,121.32325781689453,0.019072703680411973,0.004604864225156323,-0.9996104458901811,-0.019849021815207757,192.0,69.0
24.997956411743164,121.32326544628906,0.019778467532469812,0.0029442763934698054,-0.9517981779150072,-0.3060724946418057,663.5,0.0
24.99795450439453,121.32326544628906,0.012983350904283177,0.012357406872039647,-0.9528866601400724,-0.30279653238072785,1838.0,17.0
24.997943060302735,121.32327307568359,0.02085836947179589,0.0035850574367460274,-0.9545308780353579,-0.29735984709305,670.0,97.0
24.99793924560547,121.32328070507812,0.021495630802406338,0.004096390129961548,-0.9544247482410784,-0.29764837877815514,192.0,0.0
24.997937338256836,121.32328070507812,0.017766053187132785,0.006063513355396256,-0.9559297790461566,-0.29299463935831205,192.0,0.0
24.997935430908203,121.32328833447265,0.012346096720788987,0.01277296961093683,-0.9997675730946737,-0.012215765692961348,343.0,47.0
24.99793352355957,121.32328833447265,0.01389658331630838,0.009728765060426654,-0.9536571935468892,-0.30041669943397453,386.5,0.0
24.997931616210938,121.32328833447265,0.01052909441645224,0.012816057565025936,-0.9540439852764397,-0.29920722083049367,493.0,30.0
24.997931616210938,121.32329596386718,0.014512159553553353,0.006514880080787996,-0.9495735767519398,-0.3131405050407138,48.0,76.0
24.997929708862305,121.32329596386718,0.009895003567431561,0.008428542408952931,-0.9562298368152548,-0.29232780873795156,376.0,76.0
24.997927801513672,121.32329596386718,0.00615257977299027,0.009594449593344125,-0.9538263328440663,-0.3001423313569382,281.0,64.5
24.99792589416504,121.32329596386718,0.005706504061326135,0.010780652059985293,-0.9535852324894742,-0.3008760836799013,494.5,75.5
24.99792589416504,121.32330359326171,0.021755579898648663,-0.002256014537247972,-0.9988429174483898,-0.04283026272240918,-646.0,78.0
24.997922079467774,121.32330359326171,0.015624493896872685,0.0035682437901515466,-0.9854568251781756,-0.16916852111569528,633.5,71.0
24.99792017211914,121.32331122265624,0.015135318373846435,0.0037916675969735703,-0.9847190410330724,-0.17345015313185164,58.5,0.0
24.997918264770508,121.32331122265624,0.005213417432803,0.009769068145856182,-0.9542411120476876,-0.2988332070975804,1732.0,71.0
24.997916357421875,121.32331122265624,0.010661565532850348,0.00606656523561127,-0.9517072475589266,-0.30676186651936194,705.0,76.0
24.997914450073242,121.32331885205078,0.009968416635178124,0.006179290764591178,-0.984020237719826,-0.17766997155752332,-278.5,84.0
24.99791254272461,121.32331885205078,0.016834084373518035,0.003300677240684236,-0.9838982533407881,-0.17790431755863712,298.5,78.5
24.997910635375977,121.32331885205078,0.01734904425499178,0.002900936868879732,-0.9837355247456759,-0.17875965031871852,85.0,78.0
24.997908728027344,121.3233264814453,0.01629343417389849,0.004315757172559786,-0.9992276928187492,-0.03549529753315941,127.0,71.0
24.99790682067871,121.3233264814453,0.015654908267903823,0.004604855398245666,-0.9988807832747825,-0.044394819047293484,-76.0,68.0
24.99790491333008,121.3233264814453,0.01697201473114076,-0.0004382958718713104,-0.9431317969432741,-0.3319851987773629,464.5,20.0
24.99790491333008,121.32333411083984,0.004335579580072419,0.01377782692479795,-0.998849887176306,-0.04571954858499811,-115.0,96.0
24.997903005981446,121.32333411083984,0.012873754647095458,0.005772576162904719,-0.998767649711597,-0.04758282983706011,1110.0,68.0
24.997901098632813,121.32333411083984,0.011453966922915436,0.0045699840655640325,-0.9810228889360884,-0.19349938829583033,497.0,34.0
24.99789919128418,121.32333411083984,0.00668914926442638,0.0069716845955659626,-0.9432602583410076,-0.33191374772743815,788.5,0.0
24.99789919128418,121.32334174023437,0.013275948300152218,0.005641124056218615,-0.9984285241946333,-0.05415172195452695,-33.5,97.0
24.997897283935547,121.32334174023437,0.013388755164907958,0.0025112448246766336,-0.945213907251763,-0.3261672951453286,1110.0,19.0
24.997895376586914,121.32334174023437,0.009355000832262348,0.005291874386709042,-0.9424822094878214,-0.3340834698452742,-56.0,0.0
24.99789346923828,121.3233493696289,0.013195785558590616,0.006703916523991636,-0.997308830249205,-0.0718054723102187,682.0,0.0
24.99789156188965,121.3233493696289,0.014800317797150877,0.003486252028093206,-0.9978576948394938,-0.06363031894868616,894.0,52.0
24.997889654541016,121.3233493696289,0.016871688525020065,0.0033251026684756857,-0.981795095599957,-0.18916310442163434,594.0,0.0
24.997887747192383,121.32335699902343,0.004492649283845405,0.008497158441241588,-0.9984536761960568,-0.05475281628753175,256.5,0.0
24.99788583984375,121.32335699902343,0.011860527082960596,0.006063443675372585,-0.9986311773499774,-0.050579977982476286,-111.0,0.0
24.997883932495117,121.32336462841796,0.0051173075471955725,0.010232599169908884,-0.9827386703093315,-0.18464510000631512,24.0,11.0
24.997880117797852,121.32336462841796,0.003610271969573324,0.01520068524208504,-0.9990213588928861,-0.041379095933672214,224.0,89.0
24.99787821044922,121.3233722578125,0.009295607487185765,0.005169582025136336,-0.9441098035656057,-0.32945947537511044,127.0,87.0
24.997876303100586,121.3233722578125,0.01917422875213196,-0.0060772629065661485,-0.9442430491454199,-0.3286342647501711,-340.0,91.0
24.997874395751953,121.3233722578125,0.024286652001486112,-0.0128211355180333,-0.9963499977108706,-0.08082362946648153,293.0,108.0
24.99787248840332,121.32337988720703,0.022625124315191005,-0.0059986199762384305,-0.9437093388705499,-0.32994666847327364,293.0,0.0
24.997870581054688,121.32337988720703,0.023083839633597357,-0.005886694755053057,-0.9961428823327304,-0.08445022883611021,293.0,0.0
24.997868673706055,121.32337988720703,0.019269995753900628,-0.00398609844193037,-0.9972836742791615,-0.0709792314632324,566.0,0.0
24.997866766357422,121.32337988720703,0.004051067510240347,0.005499644795963835,-0.9461710872596386,-0.32359483369339975,789.5,84.0
24.997866766357422,121.32338751660156,0.012741373512878688,0.003918631401477611,-0.9979858885752715,-0.062019899496615995,724.0,0.0
24.99786485900879,121.32338751660156,0.009713705471161703,0.0055574278248619775,-0.9981381597526789,-0.05995809342805039,293.0,0.0
24.997862951660156,121.32338751660156,0.006275207477741317,0.007837960986186143,-0.9987799542527259,-0.04835070962884233,498.0,0.0
24.997861044311524,121.32339514599609,0.002892459896746756,0.010276620242851227,-0.9987412131933848,-0.04901034402180463,206.0,0.0
24.99785913696289,121.32339514599609,0.00420436504812312,0.006540924097520787,-0.95052449901106,-0.3105522764467623,36.0,0.0
24.997857229614258,121.32340277539062,0.0060331798085185556,0.008406682427327082,-0.9984265588992535,-0.05511202152488932,-154.0,0.0
24.997855322265625,121.32340277539062,0.00037802132635729804,0.009978251868484705,-0.9452062768881454,-0.32632098571924,-151.0,0.0
24.997853414916992,121.32340277539062,0.0023586204872184475,0.008448730417188884,-0.9480442279661483,-0.31801760593370393,163.5,0.0
24.99785150756836,121.32341040478515,0.013214437673392762,0.005085521158973508,-0.99929984217522,-0.03463151079721791,-150.0,3.0
24.997849600219727,121.32341040478515,0.00948538598232744,0.004624165247918318,-0.9828012371026744,-0.1843647821520672,-57.0,0.0
24.997847692871094,121.32341040478515,0.007516155676072248,0.006517633279464148,-0.9994500989860451,-0.031631115963116976,-150.0,0.0
24.99784578552246,121.32341803417968,0.005809219046994321,0.0070583861557563556,-0.9991651063156125,-0.039818619768279766,36.0,0.0
24.99784387817383,121.32341803417968,0.005268771444343943,0.005815642255684115,-0.9993693189824834,-0.03463210402370243,-58.0,0.0
24.997841970825196,121.32341803417968,0.005452887544546125,0.007439259112959452,-0.9502843128750228,-0.31124692471560655,-11.0,0.0
24.997841970825196,121.32342566357421,0.00747178734599578,0.006022096978602265,-0.9994400695353653,-0.0320539256407173,246.0,0.0
24.997840063476563,121.32342566357421,0.010399152268678019,0.004531451759432443,-0.9846560893148071,-0.17413704187310447,36.0,0.0
24.99783815612793,121.32342566357421,0.006898231418883197,0.003746347184796329,-0.9518020969550282,-0.3066123733936283,36.0,0.0
24.99783815612793,121.32343329296874,0.00926727174231929,0.003772138810580698,-0.9993220119788652,-0.035431695101428816,186.0,0.0
24.998019354248047,121.32318152294921,0.01360302588239249,0.006779780167511797,-0.9563708760027312,-0.29175972957468227,54.0,27.0
24.99802126159668,121.32318152294921,0.02433828294768838,-0.0047184242372185605,-0.9481848008744431,-0.3167506398518694,-40.0,94.0
24.998004095458985,121.32321204052734,0.015994648486086307,0.005851903476310217,-0.9994927102740313,-0.02691186642694521,102.0,73.0
24.99800028076172,121.32321966992187,0.016646015275964127,0.006216864560275372,-0.9994203566821309,-0.029038102896605716,-71.0,89.0
24.997998373413086,121.32321966992187,0.015799071881409558,0.007887365799425993,-0.9996519429036523,-0.019600301971782957,903.0,73.0
24.997996466064453,121.32321966992187,0.016961565157110635,0.006052514992085711,-0.9997548842419656,-0.012878035720773059,-156.0,59.0
24.997992651367188,121.3232272993164,0.01833034912765697,0.008968509970811602,-0.9992845616633439,-0.031842251036326825,-156.0,83.0
24.997990744018555,121.3232272993164,0.0177354490156858,0.00453365711595596,-0.9996968645493065,-0.016464471192614304,-307.0,60.0
24.997988836669922,121.32323492871093,0.018279346596746585,0.008827009886548711,-0.9992501003531835,-0.0329725086793778,-117.0,80.0
24.997985021972656,121.32323492871093,0.017552168471283165,0.005469315027057232,-0.9996234231849401,-0.020372034633606255,180.0,60.0
24.997983114624024,121.32323492871093,0.017282050066262936,0.008347901369511412,-0.9993828689370684,-0.029419798832530483,1171.5,52.5
24.99798120727539,121.32324255810546,0.017240324792940846,0.009186673969057755,-0.9994483531809482,-0.026858249129660387,1142.0,55.0
24.997979299926758,121.32324255810546,0.01845577883242919,0.009021960643851556,-0.9995484160334615,-0.02193062832723958,2368.0,64.0
24.997977392578125,121.32324255810546,0.016433545394105704,0.009786576266260576,-0.9995395257688724,-0.023556271702082094,-117.0,55.0
24.997977392578125,121.3232501875,0.010721977147308208,0.012286122128659972,-0.9997349028213628,-0.016254675938102817,-44.0,0.0
24.997975485229492,121.3232501875,0.014160268750182352,0.010698976876732517,-0.9997525780261916,-0.013409004910778738,-308.5,29.5
24.99797357788086,121.3232501875,0.009606303257914518,0.014223143878637124,-0.9997230081194736,-0.016103668913507754,-320.0,60.0
24.997971670532227,121.3232501875,0.01942384273428614,0.012399659731102842,-0.9996621515401669,-0.012022709764062677,-320.0,76.0
24.997971670532227,121.32325781689453,0.008703891398646801,0.016010296228042318,-0.9998332015846243,0.0012172502827706728,356.0,91.0
24.997969763183594,121.32325781689453,0.015015999514111603,0.01260431481614016,-0.9998068304178306,-0.0013974464065577403,365.0,81.0
24.99796785583496,121.32325781689453,0.014897556334316019,0.012269153798404537,-0.9998137222359601,0.00022695596755111327,365.0,81.5
24.99796594848633,121.32326544628906,0.014574247931288111,0.010938828028280737,-0.999833847300508,-0.0004594897929474546,3255.0,90.0
24.997964041137696,121.32326544628906,0.021481190276675992,0.003780693706469093,-0.9997193695904377,-0.009243748433020577,1402.0,82.0
24.997962133789063,121.32326544628906,0.02200928837880491,0.0018179594678472753,-0.9997013218322428,-0.010466774827916784,62.0,82.0
24.99796022644043,121.32327307568359,0.020845287603537713,0.00391173276782094,-0.9997664512821246,-0.004149123067129538,1164.0,0.0
24.997958319091797,121.32327307568359,0.016451040652016396,0.007250468337167779,-0.9998044164016476,0.008241535907726147,90.0,0.0
24.997956411743164,121.32327307568359,0.023578175416396962,-0.001471394673443253,-0.9868939087167334,-0.15963181881929545,88.5,77.0
24.99795450439453,121.32328070507812,0.015558688023233902,0.010502408150043392,-0.9997451454658812,0.012540764229091571,-358.0,0.0
24.9979525970459,121.32328070507812,0.014076725397977006,0.012257749111114878,-0.9997710377455034,0.010462574925818027,-358.0,101.0
24.997950689697266,121.32328833447265,0.011248785095095741,0.014756591437627628,-0.999768568457951,0.010886568172138664,-358.0,113.0
24.997948782348633,121.32328833447265,0.012308809960468346,0.013482046601202932,-0.9998042991687277,0.007621743929654514,-358.0,120.0
24.997946875,121.32328833447265,0.026412235823584016,-0.0049451776340759795,-0.9991840711990361,-0.03015179727788192,-358.0,120.0
24.997944967651367,121.32329596386718,0.03262215346266624,-0.010530578444456781,-0.9986712352007855,-0.03847942311964725,-358.0,122.0
24.997943060302735,121.32329596386718,0.0314127380468823,-0.01021781701084845,-0.9986217498338351,-0.04078525300571142,-358.0,20.0
24.997941152954102,121.32330359326171,0.021424153795518257,-0.003155540011873308,-0.9993028576358466,-0.030411295964005783,-357.0,0.0
24.99793924560547,121.32330359326171,0.016785153386731772,0.0010628200642295717,-0.999513846237642,-0.026252623079045762,-320.0,0.0
24.997937338256836,121.32330359326171,0.012581382952392755,0.004475107329713646,-0.9997110801604079,-0.019985955616465413,-298.0,0.0
24.997935430908203,121.32330359326171,0.00460961368807802,0.011082272432000793,-0.985513914112976,-0.16916932283694766,-240.0,0.0
24.99793352355957,121.32331122265624,0.009385274612174706,0.011764617749869772,-0.99976951552667,-0.015310983417819259,323.0,0.0
24.997931616210938,121.32331122265624,0.006812942706032172,0.013036196074551998,-0.9996619077964823,-0.021440883943711145,1103.5,0.0
24.997929708862305,121.32331885205078,0.004910539835897443,0.014080394984787126,-0.9996182624440352,-0.023258513795184232,604.0,0.0
24.997927801513672,121.32331885205078,0.004693488624416311,0.014446464289428257,-0.9995913372023104,-0.024216304923823952,371.0,0.0
24.99792589416504,121.32331885205078,0.004676276210209625,0.014820502355220835,-0.9995589120003415,-0.025307441424174622,371.0,0.0
24.997923986816406,121.3233264814453,0.004319729668817763,0.015326470804329504,-0.9995304989159907,-0.02617672563601514,958.0,25.0
24.997922079467774,121.3233264814453,0.0038581330275159055,0.015706151182261464,-0.9995173897517725,-0.026522051360801654,2486.0,48.0
24.99792017211914,121.3233264814453,0.0037270182140726246,0.015768525504802813,-0.9995137989050996,-0.026638857650665152,2486.0,48.0
24.997918264770508,121.32333411083984,0.0037209889936349145,0.015894147528465883,-0.999488233703405,-0.027510016424934305,2580.0,71.0
24.997916357421875,121.32333411083984,0.004263471406208706,0.015818764364694114,-0.9994228576102786,-0.029758044150241032,2584.0,37.0
24.997914450073242,121.32333411083984,0.005031520337226026,0.014745123425218751,-0.9993795283916109,-0.03158834231220115,2584.0,37.0
24.99791254272461,121.32334174023437,0.008037342974126657,0.011826550784395854,-0.9992382145620965,-0.03631149092524418,2584.0,0.0
24.997910635375977,121.32334174023437,0.009910530320427375,0.010681302409970415,-0.9990537008755741,-0.040980409153807344,2585.0,62.0
24.997895376586914,121.32335699902343,0.022183546100605866,-0.0020232127153970714,-0.9363393305419042,-0.35038900521142086,370.0,113.0
24.99789156188965,121.3233722578125,0.007496905571468158,0.015268144280962268,-0.9989895071618965,-0.04160101870746853,129.0,100.0
24.99788583984375,121.3233722578125,0.006508671737673507,0.013695468792347544,-0.9990257458456104,-0.04144430557254995,129.0,87.0
24.997876303100586,121.32338751660156,0.016435985778947247,0.0013726915731917316,-0.9978780882777427,-0.06298646699471692,233.0,0.0
24.997855322265625,121.32342566357421,0.011121106031704806,0.0036569240786530313,-0.9991941330592228,-0.03839312916320829,258.0,0.0
24.997853414916992,121.32342566357421,0.006747020000298189,0.00775124405645479,-0.9995148149061899,-0.029402903253557326,258.0,104.0
24.99785150756836,121.32342566357421,0.01387383138486556,-0.00011015282537636185,-0.9990433804862584,-0.04147081595108203,258.0,94.0
24.99785150756836,121.32343329296874,0.018155621138838625,-0.005137920146453177,-0.9985813062897966,-0.04979307106611307,258.0,0.0
24.997849600219727,121.32343329296874,0.006602611362963978,0.006154519706338094,-0.9993878334146034,-0.033800677999694204,220.0,0.0
24.997847692871094,121.32343329296874,0.0039409375560648845,0.00923871951864809,-0.9996457259596386,-0.02464827871194974,180.0,0.0
24.99802698364258,121.32318152294921,0.022040364939324243,-0.002534695634798257,-0.9987589713618135,-0.044590523159887666,-57.0,38.0
24.99802889099121,121.32318152294921,0.016565696357654616,0.0035522725407734347,-0.9991874312262953,-0.036570976790063325,-50.0,68.0
24.998025076293946,121.32318152294921,0.019469289257641968,0.00031618082658127575,-0.9461158329290085,-0.32324244381970585,13.5,79.0
24.998017446899414,121.32319678173828,0.014326459228275317,0.004594952309560357,-0.9993522150470449,-0.032692342525709114,421.0,58.0
24.998011724853516,121.3232044111328,0.01623025386523261,0.0021608172405524766,-0.9994256601100967,-0.029669169887619026,28.0,58.0
24.998006002807617,121.32321204052734,0.014181352294093567,0.004940081030630423,-0.9995930611433019,-0.02425277222679374,509.0,57.0
24.997975485229492,121.32324255810546,0.013942397834869152,0.012909865488663564,-0.9561010454858,-0.2924204776287718,-182.5,86.0
24.997969763183594,121.3232501875,0.02495726007733872,0.005215585423301369,-0.9846591549974896,-0.17261599380635048,79.5,87.5
24.99796594848633,121.32325781689453,0.021833623987675604,0.004013033158010308,-0.9892461018344693,-0.14456603485516456,-207.0,71.0
24.997964041137696,121.32325781689453,0.024388777465666107,-0.00025800930723786624,-0.9545934668601216,-0.29691149185051974,-109.0,91.5
24.99796022644043,121.32326544628906,0.02483884641058144,-0.0032819498708179544,-0.9531145680591381,-0.3015706893374744,16.0,94.0
24.997958319091797,121.32326544628906,0.02203946433292764,0.0009162031106761327,-0.9866093800710234,-0.16160245585896388,65.0,82.0
24.99795450439453,121.32327307568359,0.021613975555161674,0.0015937562974956293,-0.9861395893772916,-0.1644962196050466,88.5,37.5
24.9979525970459,121.32327307568359,0.019045320996416065,0.0036465117204163237,-0.9540051595630632,-0.2991623877219038,365.0,0.0
24.997950689697266,121.32327307568359,0.009996578509073109,0.012654916133812253,-0.9548696746926952,-0.29658696172964943,-423.0,0.0
24.997948782348633,121.32328070507812,0.015778979002443502,0.004038139356106242,-0.952887426624183,-0.30288656198934133,541.0,0.0
24.997946875,121.32328070507812,0.005687162036475735,0.017180390494116748,-0.9507003947061554,-0.30958237978929143,-142.0,34.0
24.997944967651367,121.32328833447265,0.008703401132153156,0.011244388502894947,-0.9522237048456409,-0.3050702057985511,-424.0,0.0
24.997943060302735,121.32328833447265,0.005989847413661194,0.012896845413881603,-0.9521079659576407,-0.30543119399684077,-424.0,0.0
24.997937338256836,121.32329596386718,0.010507058167103116,0.013173064533116953,-0.9507758687138752,-0.30942094235984674,-144.0,27.0
24.997916357421875,121.32331885205078,0.011566675160415521,0.004092961210851396,-0.9989860495636245,-0.04331665351251704,-596.0,16.0
24.99791254272461,121.3233264814453,0.0020881822105216032,0.011871465278646577,-0.9471249687796104,-0.3206384277054382,259.0,48.0
24.997910635375977,121.3233264814453,0.005617776308273136,0.010882575159394689,-0.999156218689551,-0.039202816241291766,-267.0,0.0
24.99790682067871,121.32333411083984,0.010333548300339168,0.008757338663643015,-0.9400177819706932,-0.3408564160727403,-71.0,108.0
24.997889654541016,121.32335699902343,0.009184547180259349,0.006068768940685286,-0.9398867057767352,-0.3413089428081179,-116.0,0.0
24.99788583984375,121.32336462841796,0.003589518636186438,0.00928441084898516,-0.9409710906070915,-0.338340541042377,4183.0,0.0
24.997882025146485,121.32336462841796,-0.0005661108147457993,0.01238000555011947,-0.9453619356931493,-0.3257870861830255,340.5,75.0
24.997880117797852,121.3233722578125,0.0010199615417775228,0.009869533512336898,-0.9447870515384014,-0.3275346992794445,-189.0,91.0
24.997874395751953,121.32337988720703,0.012228706969824813,-0.00023805741256766304,-0.9444877823842188,-0.328318794742937,214.0,31.5
24.997868673706055,121.32338751660156,0.014929554876599957,0.0003423112445147137,-0.9410430058479693,-0.3379571753326405,37.0,0.0
24.997862951660156,121.32339514599609,0.008047779262452795,0.00568287859712178,-0.9453419863116254,-0.3259316907822618,246.5,0.0
24.997840063476563,121.32341803417968,0.000589870247873365,0.006301077464497767,-0.942627204787203,-0.333787209567625,318.0,0.0
24.997836248779297,121.32342566357421,0.009052743197311336,0.004097303109591845,-0.9994582027490262,-0.0313777135164137,-97.0,0.0
24.998023168945313,121.32317389355468,0.0236689416698084,-0.0008832670357195394,-0.9511674049086086,-0.30776544458239247,238.0,88.0
24.99802889099121,121.32315863476562,0.012765171657974658,0.009053723720828211,-0.9466155332491032,-0.3219846466694421,-366.0,0.0
24.998030798339844,121.32315863476562,0.013806040116951215,0.00909282307982754,-0.9476437060395633,-0.31890142713435765,-213.0,0.0
24.99802698364258,121.32315863476562,0.016786209977939448,0.006939039775863301,-0.9444262787604936,-0.328221079256302,5.0,41.0
24.998025076293946,121.32315863476562,0.026105577462516565,-0.002441970824320798,-0.9430517353614664,-0.33161115788762047,-18.0,90.0
24.998023168945313,121.32315863476562,0.03046357995036986,-0.004853871049837362,-0.9427148164531617,-0.33217041570874506,-182.0,86.0
24.99802126159668,121.32315863476562,0.026767218147991326,-0.0031476663227853197,-0.9416264653637106,-0.3355789146474833,-182.0,83.0
24.99802126159668,121.32316626416015,0.02186942327019691,0.00048583384696682715,-0.9577936460580526,-0.2866231390905552,-195.0,91.0
24.998019354248047,121.32316626416015,0.019583902615527504,-0.0018216618487677345,-0.9483521260375222,-0.31660921866958663,-150.0,115.0
24.998017446899414,121.32316626416015,0.02057960212769867,-0.0005879137892771434,-0.9505640031561794,-0.30984546186339584,-79.0,113.0
24.99801553955078,121.32316626416015,0.012489619568561244,0.007265805773339382,-0.950867401011338,-0.3092610598886322,-56.0,104.0
24.99801363220215,121.32316626416015,0.013363195115757745,0.005111355685125657,-0.9478139529650016,-0.31850276234942765,-14.0,60.0
24.998011724853516,121.32317389355468,0.0065803121075208755,0.012545290212495829,-0.9470186728246556,-0.3208659354114734,96.0,0.0
24.998009817504883,121.32317389355468,0.01219892929819166,0.005428717297852327,-0.9500449949793602,-0.3118272320807554,89.0,80.0
24.99800791015625,121.32317389355468,0.012926411263706925,0.0060030809604781805,-0.9485891404229924,-0.31618904722079166,89.0,80.0
24.998006002807617,121.32318152294921,0.005116702837945168,0.01151793516506268,-0.948824488600443,-0.31555228782835565,311.0,88.5
24.998004095458985,121.32318152294921,0.011834364340757325,0.005250795790560306,-0.9512077901672416,-0.3082792839121191,346.5,69.0
24.998002188110352,121.32318152294921,0.014874979847861385,0.0021504738650828326,-0.9475323582441784,-0.31930634274456177,-30.5,74.5
24.99800028076172,121.32318152294921,0.012782080352211045,0.0038362945224982006,-0.9456842701921456,-0.3248125034190572,121.0,80.0
24.997998373413086,121.32318915234374,0.01695534130034875,0.0027399100641964753,-0.9484944820756934,-0.3163277205149606,22.0,80.0
24.997996466064453,121.32318915234374,0.0157504669434663,0.0041589113603539936,-0.9485677694321061,-0.31615472958973495,199.0,90.0
24.99799455871582,121.32318915234374,0.01553834461465321,0.004739948849339581,-0.946171866318403,-0.3232566969439182,159.0,40.5
24.997992651367188,121.32319678173828,0.015344479981249597,0.0070639647204032395,-0.9506981351432039,-0.3096573964428564,102.0,36.0
24.997990744018555,121.32319678173828,0.013397135000041945,0.007278883289768074,-0.9509058917652795,-0.3091043830778257,199.0,42.0
24.997988836669922,121.32319678173828,0.010776771035930475,0.007873791043622121,-0.9471862502442202,-0.3204061047622755,200.0,82.0
24.99798692932129,121.3232044111328,0.009150300255277116,0.01174457471753708,-0.9521276873965363,-0.30533785199818614,407.0,83.5
24.997985021972656,121.3232044111328,0.016717579768385317,0.006661019445011111,-0.9490382717229401,-0.3146466464969491,103.0,80.0
24.997983114624024,121.3232044111328,0.015367885821857302,0.009571590132079495,-0.9480902630287854,-0.3174855365173642,105.0,67.0
24.99798120727539,121.3232044111328,0.015625376170867258,0.00936263674595017,-0.9477177869784859,-0.31858936720688524,194.0,63.0
24.99798120727539,121.32321204052734,0.009100107349856276,0.012947712400772119,-0.950307071295763,-0.3109115871676023,165.0,0.0
24.997979299926758,121.32321204052734,0.015378120737933121,0.009230104296070756,-0.9499626941236707,-0.31184803727224286,185.0,0.0
24.997977392578125,121.32321204052734,0.013162643881048881,0.010731808911586295,-0.9501040605370169,-0.31147045965005815,768.0,42.0
24.997975485229492,121.32321204052734,0.013648230713266575,0.011492815096708778,-0.9483517424718722,-0.31671850837946636,823.0,75.0
24.99797357788086,121.32321966992187,0.008836948171159938,0.014375403869143284,-0.9485660620342886,-0.3161292173579998,1346.0,29.0
24.997971670532227,121.32321966992187,0.01815959707086505,0.00871882117896332,-0.9481006059648541,-0.31733176985695766,963.0,0.0
24.997969763183594,121.32321966992187,0.015320978165095157,0.00997967073133879,-0.94762329706502,-0.31886636802864526,471.0,65.0
24.997969763183594,121.3232272993164,0.012236431609060685,0.01323470844915245,-0.94908250845285,-0.3145115329882011,698.0,0.0
24.99796785583496,121.3232272993164,0.017696646448718198,0.010661870544766548,-0.9498100476415944,-0.3121442400878603,1169.0,31.0
24.99796594848633,121.3232272993164,0.023325280369313042,0.0049799364356234435,-0.9497548586262236,-0.3120846680704969,475.0,0.0
24.997964041137696,121.32323492871093,0.016207774348750637,0.010447167616193472,-0.9500797805317094,-0.31141062179103357,587.0,0.0
24.997962133789063,121.32323492871093,0.00984876626747822,0.015037768375486966,-0.9456910845451676,-0.3245693145340122,16.0,12.5
24.99796022644043,121.32323492871093,0.009445680469441995,0.012137430602067328,-0.9460740939244117,-0.3235850285534739,514.0,88.5
24.99796022644043,121.32324255810546,0.0035193325322843945,0.018308616410639637,-0.9568823606302365,-0.2898767958605198,-122.0,105.0
24.997958319091797,121.32324255810546,0.007098193528212244,0.013979866949821456,-0.9468193080930339,-0.3213835353451227,-97.0,37.0
24.997956411743164,121.32324255810546,0.01362208994549503,0.010837019356283457,-0.9461577288295245,-0.3232376058770767,493.0,53.0
24.99795450439453,121.3232501875,0.0062888444037958804,0.015753987594620485,-0.9509386800774235,-0.30891404798671895,-185.5,35.0
24.9979525970459,121.3232501875,0.007277376380711766,0.013912495333796853,-0.9460674654133463,-0.32358898799706914,607.0,48.0
24.997950689697266,121.3232501875,0.008829503642228027,0.011942052274776245,-0.9480956302499736,-0.31763832129295083,1044.0,71.0
24.997950689697266,121.32325781689453,0.012023571296539397,0.01099225602367598,-0.9527720715690584,-0.30324904563541816,845.0,70.0
24.997948782348633,121.32325781689453,0.010436146786334196,0.011690579011420005,-0.9523265465716723,-0.3046778067032526,520.0,77.0
24.997946875,121.32325781689453,0.02112042301680849,0.004898733664663832,-0.9498925620228821,-0.31182374950230973,946.5,67.0
24.997944967651367,121.32326544628906,0.016304322334757506,0.009503387153088502,-0.9557879317173985,-0.2934506505175963,63.0,83.0
24.997943060302735,121.32326544628906,0.014831058593277512,0.00802806144617033,-0.9508891752562436,-0.309071781809534,336.0,87.0
24.997941152954102,121.32326544628906,0.012987440403645575,0.008630112965592785,-0.9506711525526435,-0.3098083395362226,1307.0,64.0
24.99793924560547,121.32327307568359,0.0233311517984045,0.002739158110975406,-0.952166591728806,-0.304675131843989,165.0,0.0
24.997937338256836,121.32327307568359,0.017400559066848537,0.005921974225436651,-0.9512001571676268,-0.3080266413310968,77.5,54.0
24.997935430908203,121.32327307568359,0.010502794426672023,0.010067988374399872,-0.9507451348371355,-0.3096320647201145,160.0,65.5
24.99793352355957,121.32328070507812,0.01231274938374485,0.010415058275414628,-0.9510440036477056,-0.30863445350361635,1419.0,0.0
24.997931616210938,121.32328070507812,0.01835448655617591,0.004199912006608255,-0.9518987405197044,-0.3058337152104006,-5.0,7.0
24.997929708862305,121.32328070507812,0.012084805733516524,0.007857898841135922,-0.9532266474178056,-0.30191251969535193,345.0,55.0
24.997927801513672,121.32328070507812,0.010471618078342494,0.00809371546344776,-0.9527455552219793,-0.3034810438719037,488.5,48.0
24.997927801513672,121.32328833447265,0.006229972830755083,0.014517828248355086,-0.9535921032465772,-0.30068674850622945,-112.5,72.0
24.99792589416504,121.32328833447265,0.011006260773196375,0.008004894269794113,-0.9515872886152125,-0.3070772151063476,396.0,53.0
24.997923986816406,121.32328833447265,0.011309264699790487,0.009117911296738286,-0.9527062714001584,-0.30354525965717605,428.5,0.0
24.997922079467774,121.32329596386718,0.010217832273508571,0.008886353960565786,-0.9492292362573385,-0.3142936296701352,304.0,0.0
24.99792017211914,121.32329596386718,0.0060643307336747864,0.012818190264263745,-0.9503413968410159,-0.31088606810432723,304.0,11.0
24.997918264770508,121.32329596386718,0.004439299467277378,0.013902640578231318,-0.953422275137929,-0.3012855364533907,304.0,44.0
24.997916357421875,121.32330359326171,0.00882969940995249,0.010247600314118841,-0.9518349353391999,-0.3063123878721737,219.5,61.5
24.997914450073242,121.32330359326171,0.0132774105922535,0.006065530312964152,-0.9528737313051249,-0.303015794800595,311.0,51.0
24.99791254272461,121.32330359326171,0.009005952472002558,0.00953526957199898,-0.9523805497891498,-0.30462970938104206,304.0,46.5
24.997910635375977,121.32330359326171,0.007351064857546328,0.009796470298027063,-0.9519614111026292,-0.305972977216373,303.0,47.0
24.997910635375977,121.32331122265624,0.013540628078193624,0.005699564866270372,-0.9469716640021634,-0.3209810491735561,303.0,84.0
24.997908728027344,121.32331122265624,0.011649186079506532,0.007430205862856342,-0.9496056786777036,-0.31314236942256596,303.0,76.0
24.99790682067871,121.32331122265624,0.006974964257490862,0.011577543149538176,-0.9495715015287634,-0.31325911615248697,658.0,11.0
24.99790491333008,121.32331885205078,0.006546758903125633,0.010659994466380752,-0.9453051376461983,-0.32594739024195796,304.0,50.0
24.997903005981446,121.32331885205078,0.008172556080346708,0.008267984240801971,-0.9457804689499367,-0.3245984508843892,496.0,60.0
24.997901098632813,121.32331885205078,0.018217378442177547,7.707683796041517e-06,-0.9453198461528293,-0.3256355563093158,553.0,64.0
24.99789919128418,121.32331885205078,0.0022321867766473677,0.014667294551792665,-0.9473665039823415,-0.3198071214732425,553.0,73.0
24.99789919128418,121.3233264814453,0.020660061934490548,-0.0019803879797839234,-0.9421149397326393,-0.3346470980553666,82.0,69.0
24.997897283935547,121.3233264814453,0.01656977285965614,0.0014525980907394449,-0.9406392405252302,-0.33900022384990297,921.0,53.0
24.997895376586914,121.3233264814453,0.013746375775097965,0.006128620963843798,-0.9425996147136975,-0.33358573635531885,783.0,70.0
24.99789346923828,121.3233264814453,0.009251317406312812,0.01099856526014639,-0.9425978146558656,-0.3336207494962693,775.0,19.0
24.99789346923828,121.32333411083984,0.008578365811454578,0.003940007654199508,-0.9414584529648401,-0.3369968387399793,1032.0,0.0
24.99789156188965,121.32333411083984,0.006432384628534323,0.00956223487038064,-0.9415567265522072,-0.3366572719793327,1142.0,0.0
24.997889654541016,121.32333411083984,0.0033072909319679282,0.013297230770291723,-0.9417753115972687,-0.33596355151474455,-363.0,0.0
24.997887747192383,121.32333411083984,0.015635268227787512,0.004140339344404004,-0.941910933350775,-0.3354730832895987,-442.0,86.0
24.997887747192383,121.32334174023437,0.0023594624211675103,0.011173241873606868,-0.9433959765856671,-0.3314719037340758,3123.0,72.0
24.99788583984375,121.32334174023437,0.0011588865088392338,0.012136346834256066,-0.9416003164877389,-0.33651182751542075,331.0,103.0
24.997883932495117,121.32334174023437,0.006632234142400868,0.010833498804473854,-0.9402846498226018,-0.34015206317457586,-51.0,80.0
24.997882025146485,121.32334174023437,0.025692334387069804,-0.003135788536610745,-0.9394411387341339,-0.3417314993352387,-52.0,88.0
24.997880117797852,121.3233493696289,0.01010819268577723,0.004714203084469308,-0.937802240008597,-0.346990719421663,38.0,84.0
24.99787821044922,121.3233493696289,0.021319547411303867,0.0002706379610208009,-0.9379542904478702,-0.3461028065238766,133.0,0.0
24.997876303100586,121.3233493696289,0.016902459229649835,0.0017237233616800556,-0.939211464770192,-0.3429185910591504,210.5,0.0
24.997874395751953,121.32335699902343,0.014166661922730486,0.0031904870501062626,-0.9411395556738064,-0.33770617884258575,211.0,0.0
24.99787248840332,121.32335699902343,0.008226045447767432,0.006185304479968241,-0.9421272394582768,-0.33509750648954123,356.0,0.0
24.997870581054688,121.32335699902343,0.004229046159242925,0.012252863518814938,-0.944032342638721,-0.32959811673645945,650.0,0.0
24.997868673706055,121.32335699902343,0.0030524586341443404,0.013935788748287735,-0.9437514071264809,-0.33034793451002153,273.0,54.0
24.997868673706055,121.32336462841796,0.004326969941202973,0.008865724818026062,-0.9433059730787965,-0.3317778133155436,659.0,0.0
24.997866766357422,121.32336462841796,0.0014610419900333111,0.013411532498889706,-0.9436710729887174,-0.33060989422075276,659.0,0.0
24.99786485900879,121.32336462841796,0.005879999708834516,0.008551116362755887,-0.9431960293854078,-0.33207462137895416,540.0,0.0
24.997862951660156,121.32336462841796,0.009740518604565148,0.005902485061949778,-0.94225841249174,-0.33469294443706676,393.5,0.0
24.997861044311524,121.3233722578125,0.0057382035721619176,0.009297865393309282,-0.9438646302257738,-0.3301517568144317,598.0,0.0
24.99785913696289,121.3233722578125,0.002168723483250515,0.012060542007441173,-0.9429978225847283,-0.33257321985602073,1143.0,0.0
24.997857229614258,121.32337988720703,0.01404755891803271,0.0021509566342190287,-0.9447735891538876,-0.3274154924729178,151.0,5.0
24.997855322265625,121.32337988720703,0.001319068991105146,0.014219601763963608,-0.9433308281447066,-0.33154639442239964,717.0,0.0
24.997853414916992,121.32337988720703,0.0012444388518122618,0.014099718935277835,-0.9436451281368934,-0.3306561982503826,699.0,0.0
24.99785150756836,121.32337988720703,0.002161747991964048,0.014804787344051006,-0.9450469452480544,-0.3265921254326832,807.0,0.0
24.997849600219727,121.32338751660156,0.003452345051774863,0.012230665991622664,-0.9467368064975753,-0.32175753502570437,644.0,0.0
24.997847692871094,121.32338751660156,0.0036794813690744182,0.01296775861247095,-0.9450992656020112,-0.3265052477556251,644.0,42.0
24.99784578552246,121.32339514599609,0.004166857946532756,0.007937792410918338,-0.9452393437397422,-0.32625482646691384,476.0,37.0
24.99784387817383,121.32339514599609,0.010415711536831261,0.00523525316177491,-0.9480912113587565,-0.31778476996514393,476.0,0.0
24.997841970825196,121.32339514599609,0.020475931641879965,-0.0005229416790952833,-0.9462003550394831,-0.32293242463176913,696.0,0.0
24.997840063476563,121.32339514599609,0.017534219619903375,-0.000228030075257909,-0.9470748251592261,-0.320533578107235,696.0,0.0
24.997840063476563,121.32340277539062,0.007751917800868067,0.00806413856897406,-0.94964415094011,-0.31313074589504375,311.0,0.0
24.99783815612793,121.32340277539062,0.007883641936901876,0.008525917813570313,-0.9470599787322278,-0.32084662005225995,453.0,0.0
24.997836248779297,121.32340277539062,0.00961803600851125,0.007567683667864702,-0.9458156637496699,-0.32447334829383706,311.0,25.0
24.997834341430664,121.32341040478515,0.013770594953687158,0.0024487822449311618,-0.9500643582541801,-0.31174041982908074,696.0,0.0
24.99783243408203,121.32341040478515,0.002890227388851794,0.01086551859660754,-0.951465477160585,-0.3075500493624536,343.0,0.0
24.9978305267334,121.32341040478515,0.005995175125081259,0.00809944056857117,-0.952492556599248,-0.3043951158621372,493.0,0.0
24.9978305267334,121.32341803417968,0.010498270497493873,0.003335339831945621,-0.9466203891019418,-0.3221622273967809,312.0,0.0
24.997828619384766,121.32341803417968,0.007341688156801019,0.007471224177454907,-0.9517477624836108,-0.30670258725961064,312.0,0.0
24.997826712036133,121.32341803417968,0.008051442524330335,0.007350065434126307,-0.9530610269301922,-0.3025819389159884,311.0,0.0
24.9978248046875,121.32341803417968,0.007810013810649386,0.0066977189578706076,-0.9539326253193625,-0.29984444399779675,206.0,0.0
24.9978248046875,121.32342566357421,0.007695601916409692,0.006433126580041345,-0.9540060968580413,-0.29961935810497137,266.0,0.0
24.998011724853516,121.32316626416015,0.020626001237290345,0.002013091488069858,-0.9486414663585931,-0.31567369836690273,-196.0,58.0
24.998006002807617,121.32317389355468,0.012622757646324818,0.006326311800567428,-0.9490917036065086,-0.31468330415466805,-65.0,23.0
24.99798692932129,121.32319678173828,0.015268848615313396,0.006889143576510021,-0.9475011702727272,-0.31931322286206265,192.0,92.0
24.997975485229492,121.32321966992187,0.010771498521557094,0.011407996887117602,-0.9492383719468984,-0.3141661115560132,887.5,56.5
24.997964041137696,121.3232272993164,0.013735628478242414,0.011619058727533306,-0.9454773015612828,-0.3251907166832854,365.0,71.0
24.99795450439453,121.32324255810546,0.004582675870361888,0.01263400285636357,-0.9455564492696646,-0.32518053800656116,624.0,71.0
24.997948782348633,121.3232501875,0.014910910700693851,0.009364844308164672,-0.953258549333193,-0.3016423421145248,515.0,88.0
24.997944967651367,121.32325781689453,0.017405927707626265,0.006270706398707024,-0.9494580714369377,-0.31334818095075795,61.0,67.0
24.99793924560547,121.32326544628906,0.011683751230228651,0.009459261569687214,-0.9513853178279037,-0.3076361314105432,161.0,63.0
24.99793352355957,121.32327307568359,0.00991714304997503,0.009347024623695908,-0.9539898943304047,-0.29952890498226276,180.0,64.0
24.99792589416504,121.32328070507812,0.011592202249865432,0.006432332453106699,-0.9522262292527698,-0.305105644440188,928.0,44.0
24.997922079467774,121.32328833447265,0.008703663279045256,0.010717126718702391,-0.9529751188391714,-0.30273389686965557,592.0,35.0
24.99792017211914,121.32328833447265,0.01568369549987456,0.004737465298232189,-0.9508501727456301,-0.30921760478281385,192.0,0.0
24.997916357421875,121.32329596386718,0.007943219587647527,0.008843229638446271,-0.9524878711021029,-0.30434447252336977,318.0,29.5
24.997914450073242,121.32329596386718,0.004325186497784443,0.01182297945837427,-0.9559512138260705,-0.2932554973107046,192.0,35.5
24.997908728027344,121.32330359326171,0.006665609154348589,0.0109867801759969,-0.9511793225881542,-0.30837113450630554,1149.0,32.0
24.99790491333008,121.32331122265624,0.004095609291288887,0.012511256977749213,-0.9493260450730487,-0.31401712465936255,1780.0,0.0
24.997903005981446,121.32331122265624,0.0036980498901136947,0.015029961642102999,-0.9492126170758161,-0.31425440691281814,2104.5,31.0
24.997897283935547,121.32331885205078,0.013919151162414151,0.008252541318204751,-0.9452942483639711,-0.3258173365594655,410.0,68.0
24.99789156188965,121.3233264814453,0.0011375157779771254,0.014180704429900146,-0.9427248539020379,-0.33326785550831073,-130.0,20.0
24.99788583984375,121.32333411083984,0.012065674582351379,0.007362028144052339,-0.940169773084652,-0.34041301064505913,-227.5,73.5
24.997880117797852,121.32334174023437,0.01356164888341235,0.006065077929623741,-0.9354022035218574,-0.3532732853694487,61.0,40.0
24.997874395751953,121.3233493696289,0.009842315174192458,0.00763219055587356,-0.9380354837584215,-0.3463153327668802,273.0,0.0
24.997857229614258,121.3233722578125,0.010920936953371142,0.009928847844279222,-0.9423444167013405,-0.33431893668824103,1143.0,0.0
24.99785150756836,121.32338751660156,0.010232329724280944,0.008627488185061536,-0.9451267494090472,-0.3264296148138496,515.0,0.0
24.99784578552246,121.32338751660156,0.011289404284210252,0.006132757425316705,-0.9450867158446795,-0.3265670500390202,539.5,89.5
24.997834341430664,121.32340277539062,0.0038069832222870524,0.010859104090903472,-0.9491600193952137,-0.3145836046566407,383.0,0.0
24.99783243408203,121.32340277539062,0.0017375979918658512,0.011496934482262171,-0.9476262350556981,-0.31916973522702924,107.5,0.0
24.997828619384766,121.32341040478515,0.001626974739489293,0.009777866798935882,-0.9440629013228993,-0.32961642043419015,-128.0,0.0
24.997822897338867,121.32341803417968,0.00998267292185338,0.004756097228220284,-0.9576961396832482,-0.2875688262247758,206.0,0.0
24.997820989990235,121.32341803417968,0.004899116703773286,0.007190484117758626,-0.9448425082020395,-0.32740942302895626,-128.0,0.0
24.997820989990235,121.32342566357421,0.009421612743942855,0.006069488746359394,-0.9578288020938446,-0.28712084633326695,207.0,0.0
24.998017446899414,121.32315863476562,0.020561213313196568,0.0018391678442770147,-0.9485881393624862,-0.31583919299153806,74.0,47.5
24.997998373413086,121.32318152294921,0.01259294411546715,0.0059086020629243695,-0.9423423824967944,-0.334361092728254,329.0,93.0
24.997943060302735,121.32325781689453,0.01629137692239336,0.00669208086760773,-0.9527619486631157,-0.303206985855037,-233.5,69.0
24.997937338256836,121.32326544628906,0.012872273228961251,0.009966700787709245,-0.9541470415346458,-0.2988952869953124,743.0,64.0
24.997931616210938,121.32327307568359,0.009679357285920861,0.00845578429004025,-0.953498953401359,-0.301122160621042,-11.0,76.0
24.997895376586914,121.32331885205078,0.009906056852413424,0.008620970688813583,-0.9462652277812583,-0.3231248483080538,468.0,59.0
24.997883932495117,121.32333411083984,0.016855286954372606,0.0029811592279824703,-0.9413867009174541,-0.33689477782698707,-98.0,80.0
24.99787821044922,121.32334174023437,0.014065751579096666,0.004351785297694714,-0.9359055078199728,-0.3519433150799664,273.0,16.0
24.99787248840332,121.3233493696289,0.0033590801875851293,0.011760403621961004,-0.9357011441828559,-0.352581590928733,273.0,100.0
24.997866766357422,121.32335699902343,0.014230875265008144,0.007046920451516321,-0.9379159507478406,-0.34649890682961193,273.0,100.0
24.99786485900879,121.32335699902343,0.026203337022509342,-0.0012982680069403632,-0.9382947269714733,-0.34484011507740137,273.0,92.0
24.997861044311524,121.32336462841796,0.018088616902174365,0.0033157214484622576,-0.9409618498581592,-0.3380127291114249,273.0,0.0
24.99785913696289,121.32336462841796,0.01475601030452785,0.007241747015700074,-0.941493718361084,-0.33662946327776005,362.0,0.0
24.997855322265625,121.3233722578125,0.008062330204116062,0.010538223939002955,-0.9434946062532386,-0.3311221415715618,4014.0,0.0
24.997853414916992,121.3233722578125,0.004323610246759303,0.012283739271718483,-0.9449342859607863,-0.32700093479945486,3628.0,0.0
24.997849600219727,121.32337988720703,0.00239179538741955,0.015049326259099554,-0.9453102059253391,-0.32581653068462435,29.0,69.0
24.997847692871094,121.32337988720703,0.0011441971810106253,0.015013222976164125,-0.9443742788183296,-0.32852780012510147,2.0,68.0
24.99784578552246,121.32337988720703,0.002314372882545268,0.011401050020527428,-0.944141213439328,-0.32933573875591354,-59.0,77.0
24.99784387817383,121.32338751660156,0.01737608062386744,0.0007822010508461074,-0.9421469293645885,-0.33474859741684665,-234.0,0.0
24.997841970825196,121.32338751660156,0.02241049691847417,-0.0019314058284135007,-0.9405703151390904,-0.3388532448989462,-234.0,86.0
24.99783815612793,121.32339514599609,0.01523589471417778,0.004208374934917257,-0.9423765666754654,-0.33418043580321644,-128.0,0.0
24.997836248779297,121.32339514599609,0.005261421417648192,0.00955236374642487,-0.9437471417759599,-0.3304881271410937,-128.0,0.0
24.9978305267334,121.32340277539062,0.0009511073075499418,0.01127148912883454,-0.943944795148148,-0.32990949158887367,-128.0,40.0
24.997828619384766,121.32340277539062,-0.00023262667792720623,0.011418184369951342,-0.9441221755782302,-0.32939776643437074,-128.0,110.0
24.997826712036133,121.32341040478515,0.009474265083675213,0.0016259715264486932,-0.9436003399366021,-0.33094711509431346,-128.0,0.0
24.9978248046875,121.32341040478515,0.005066672907575037,0.005053780605737921,-0.9442373307731371,-0.3291878662734364,-128.0,0.0
24.997822897338867,121.32341040478515,0.0033194861406470036,0.00765623321420254,-0.9447823206995087,-0.3275923222518845,-128.0,0.0
24.997819082641602,121.32341803417968,0.008840877474660667,0.0040463971782233625,-0.9450597841204762,-0.3267529188752766,-137.0,0.0
24.99781717529297,121.32341803417968,0.007749858012075766,0.005135218066336931,-0.9461624556091137,-0.32355861421377075,-137.0,0.0
24.99781717529297,121.32342566357421,0.009705942533058988,0.004582324480838918,-0.9461714067079818,-0.32348796903460925,-111.0,0.0
24.997815267944336,121.32342566357421,0.010361974542712692,0.00464911891609778,-0.9455041275079027,-0.3254119850933583,-111.0,0.0
24.998009817504883,121.32316626416015,0.021307804001567687,-0.001074950277012876,-0.9434272010380752,-0.3308926386488462,-282.0,94.0
24.998004095458985,121.32317389355468,0.015772849132434822,0.002178518064782615,-0.9432186289873712,-0.33179073106473406,-234.0,93.0
24.997992651367188,121.32318915234374,0.015072575072637272,0.005428399829310147,-0.9444486750480228,-0.32826825944036564,160.0,93.0
24.997962133789063,121.3232272993164,0.014764524504438159,0.010217012452106577,-0.9449032995828226,-0.3268568125497858,369.0,90.0
24.997958319091797,121.32323492871093,0.010175628641660533,0.010234989410477293,-0.9486118027210827,-0.3161128743214549,841.5,45.0
24.9979525970459,121.32324255810546,0.01587568316751546,0.010698264186109994,-0.9514905978750483,-0.30708166989052277,901.0,89.0
24.997950689697266,121.32324255810546,0.01601833663678376,0.011648271717043709,-0.9523214615542808,-0.30445289376275464,515.0,88.0
24.997946875,121.3232501875,0.014750572681888464,0.010910250778977693,-0.9541385199795519,-0.2988027304505877,-39.0,87.0
24.997944967651367,121.3232501875,0.013535728879175458,0.010217953377409219,-0.9544809036131016,-0.2977894929482967,-1093.0,86.0
24.997941152954102,121.32325781689453,0.012084132210112366,0.008889365813265522,-0.9526888638846516,-0.30357681326863273,-1112.0,83.0
24.99793924560547,121.32325781689453,0.012195793950796202,0.009171409923388003,-0.9514568747977568,-0.3074035836648832,-1112.0,83.0
24.997935430908203,121.32326544628906,0.011403725786075618,0.008503455276067537,-0.9492517149735242,-0.314195524962382,-209.0,87.0
24.99793352355957,121.32326544628906,0.010878177864627055,0.0077535581400631935,-0.9479135433511268,-0.31824748532239167,-209.0,87.0
24.997929708862305,121.32327307568359,0.010356301990053707,0.008586097862243292,-0.9482394345017852,-0.3172711786285125,-11.0,86.0
24.997923986816406,121.32328070507812,0.010105236499899077,0.006526175893311227,-0.9495497278038859,-0.3133857170501824,1144.0,86.0
24.997922079467774,121.32328070507812,0.010376051532242728,0.0072155510283980154,-0.9503880389893998,-0.3108099881339723,730.0,80.0
24.997918264770508,121.32328833447265,0.009020251663409916,0.00770417269682809,-0.9528848211764727,-0.30310031071324917,181.0,67.0
24.99791254272461,121.32329596386718,0.006509814974227333,0.01042499562310373,-0.951350813178556,-0.30786453520949736,1012.0,0.0
24.997910635375977,121.32329596386718,0.006362208713016222,0.01113542337748489,-0.9508418680976536,-0.3094111609477922,1012.0,0.0
24.99790682067871,121.32330359326171,0.003567919578231105,0.011769557923015121,-0.9501355428733207,-0.31159460461471444,1784.0,0.0
24.997901098632813,121.32331122265624,0.0013520389295451495,0.014337720802426963,-0.9476014109283901,-0.3191303303659011,588.0,0.0
24.997889654541016,121.3233264814453,0.004756943119398501,0.009771805337012496,-0.9478020006507245,-0.31867420804812313,-66.0,90.0
24.997847692871094,121.32339514599609,0.0014251996658824545,0.0072021343117836785,-0.9467283037270157,-0.3219497118952506,213.0,0.0
24.997841970825196,121.32340277539062,0.005688128422646117,0.005157136648798541,-0.9505999658847377,-0.31032362784127276,22.0,0.0
24.997836248779297,121.32341040478515,0.014977844352779537,0.0003365510722632475,-0.9473944512151226,-0.3197175389601207,239.0,0.0
24.997822897338867,121.32342566357421,0.008289943278661489,0.005594740809374394,-0.9542882160676163,-0.29872056573024774,266.0,0.0
24.998023168945313,121.32318152294921,0.012477224974399872,0.006262929320551815,-0.9482144094087982,-0.317324011639189,-12.0,0.0
24.997950689697266,121.32328070507812,0.0161498526757135,0.005081798246800049,-0.9514030253701159,-0.3074827489497943,1451.0,0.0
24.99793924560547,121.32329596386718,0.01216592323526159,0.008813585700315311,-0.9487855648645995,-0.31556340555187895,127.0,13.5
24.99793352355957,121.32330359326171,0.009099657584520335,0.008584727486287365,-0.9450370271414562,-0.3267239140581373,-60.0,0.0
24.997918264770508,121.3233264814453,0.004963855234438191,0.00924037546541815,-0.9394114869559123,-0.34263104613819134,956.5,0.0
24.997914450073242,121.3233264814453,0.001969637632781283,0.012497743612826802,-0.9406732313421866,-0.3390778653472278,304.0,86.0
24.997903005981446,121.32334174023437,0.01955988415533285,-0.00027398096583879875,-0.9365753252817892,-0.34991998505311345,304.0,53.0
24.997901098632813,121.32334174023437,0.023606265334880545,-0.0026642543364656865,-0.9319964041850433,-0.3616881924695903,2387.0,0.0
24.99789919128418,121.3233493696289,0.004436276575461689,0.006985531942219071,-0.9373809181629892,-0.3482076048243944,304.0,113.0
24.997897283935547,121.3233493696289,0.014151763845907403,0.0040091709672830786,-0.9354148043974321,-0.35324608680397124,1789.0,0.0
24.997895376586914,121.3233493696289,0.01581560067541977,0.003229722929662609,-0.9371932600277194,-0.3484368364907604,1936.0,0.0
24.99789346923828,121.32335699902343,0.017539242437179876,0.0013720041206070023,-0.9358138297744262,-0.352055348748381,605.5,0.0
24.99789156188965,121.32335699902343,0.015150373844579491,0.002506389475615346,-0.9385793931927655,-0.34472149172638794,436.0,0.0
24.997887747192383,121.32336462841796,0.016685157146475605,0.0008577165351801386,-0.9379171017074253,-0.3464568951227354,4577.0,0.0
24.997876303100586,121.32337988720703,0.019591167473656794,-0.0031383653627356078,-0.9342582184810484,-0.3560448258583276,-1.5,95.0
24.997857229614258,121.32339514599609,0.004295460791407026,0.005983217009558578,-0.9378798919911349,-0.3468819083340948,318.0,0.0
24.997855322265625,121.32339514599609,0.004729004963033183,0.004873220228626566,-0.943257824721693,-0.33199181366106467,705.0,0.0
24.99785150756836,121.32340277539062,-0.00027809705038870855,0.009637099596284908,-0.9413287170969709,-0.33735336865366117,318.0,59.0
24.997849600219727,121.32340277539062,0.0020005546873415225,0.006387863107420441,-0.9463715654616237,-0.3230109178829399,528.0,0.0
24.99784578552246,121.32341040478515,0.0020489414599678757,0.007883374332541583,-0.9479310468887742,-0.31837145693730085,256.0,0.0
24.99784387817383,121.32341040478515,0.004208601146498577,0.0031060707931761626,-0.945905199006273,-0.3244009779478489,318.0,0.0
24.99783815612793,121.32341803417968,0.00232589019009458,0.005477821387552116,-0.946322872264249,-0.323168075677675,252.0,0.0
24.997834341430664,121.32342566357421,0.006457904901239588,0.0033063538844882194,-0.9426499146601317,-0.3337042131581856,271.0,0.0
24.99801553955078,121.32318152294921,0.008031894258073045,0.010410263719744973,-0.9508245184040381,-0.30945088509429264,1876.0,83.0
24.998017446899414,121.32318152294921,0.011389860141376733,0.007071577151328503,-0.9570168122999854,-0.28972242726051994,283.0,0.0
24.998011724853516,121.32318915234374,0.007237679895120035,0.01596598608620287,-0.9559839500719293,-0.2928948454358696,254.0,41.5
24.998009817504883,121.32318915234374,0.010018480316303787,0.01155828087710703,-0.953214075083011,-0.3019088658170835,1032.0,96.0
24.998004095458985,121.32319678173828,0.010474055178458182,0.014135816262905838,-0.9562002477079534,-0.29218411857927595,-195.5,64.0
24.998002188110352,121.32319678173828,0.010564053250618311,0.011868658742138072,-0.9590567752393065,-0.28276781568304993,1394.5,50.5
24.997990744018555,121.32321204052734,0.0185015096192144,0.007948985991984766,-0.9549076575317534,-0.29621929942312825,-1976.0,94.0
24.997985021972656,121.32321966992187,0.016528339634407974,0.00724901000261044,-0.952473361647521,-0.3040867658987848,-167.0,94.0
24.997979299926758,121.32321966992187,0.00966615132487918,0.012685337064552188,-0.9470495029220684,-0.3206912639240216,-78.0,0.0
24.997975485229492,121.3232272993164,0.006492300868028717,0.014383909150464811,-0.9481349897079662,-0.3174759746476336,684.0,0.0
24.99796785583496,121.32323492871093,0.0014094027205302428,0.019586944642114232,-0.9509270498373229,-0.3087913714326287,483.5,0.0
24.997962133789063,121.32324255810546,0.013478873509308292,0.010177878163410387,-0.953961791226296,-0.2994522193027255,546.0,94.0
24.997956411743164,121.3232501875,0.004385106600390893,0.014646154595588054,-0.9606098113841103,-0.2774798213713013,-214.0,123.0
24.9979525970459,121.32325781689453,0.014778822985618651,0.008387598686408756,-0.956564818597854,-0.2910240237511161,-168.0,100.0
24.997948782348633,121.32326544628906,0.005439484923714892,0.011700873043740147,-0.9536772934144678,-0.30055468986431394,506.0,72.0
24.997946875,121.32326544628906,0.004483074409346382,0.01295938024273399,-0.95681521340344,-0.29037321485855744,192.0,83.0
24.997941152954102,121.32327307568359,0.024239108765862112,0.0003302263980445924,-0.9540706569785256,-0.2985992934508173,205.0,75.0
24.997935430908203,121.32328070507812,0.01646930814085119,0.006013088693019919,-0.9529414047446296,-0.3026471274885379,1838.0,0.0
24.997929708862305,121.32328833447265,0.00983270843690107,0.014427409863109584,-0.9526870596358051,-0.30345104068353557,50.0,48.0
24.997923986816406,121.32329596386718,0.01239280646266407,0.008599546844181332,-0.9515765204459781,-0.3070416777539799,1648.0,0.0
24.997918264770508,121.32330359326171,0.015441327792433016,0.005561633511729639,-0.9482435341695785,-0.3171195886952982,223.0,32.0
24.997914450073242,121.32331122265624,0.009218632922204125,0.009629483166382841,-0.9472237126313163,-0.32029600073984626,-252.0,89.0
24.99791254272461,121.32331122265624,0.01691581436416457,0.004399125773624601,-0.9462930142219047,-0.3228374732766428,-97.0,86.0
24.997908728027344,121.32331885205078,0.017009255690334672,0.0008795946249423028,-0.9432736093910072,-0.3315792655770532,380.0,94.0
24.99790682067871,121.32331885205078,0.02050170294192797,-9.001351474707472e-05,-0.943260343880556,-0.33142057228902244,1315.0,94.0
24.997903005981446,121.3233264814453,0.014735667551867313,0.00365972717535302,-0.9406873799460178,-0.33893468354404077,84.5,0.0
24.997901098632813,121.3233264814453,0.011711383260926128,0.005203786871255452,-0.9429411967691188,-0.33271258398193526,-322.5,82.0
24.997897283935547,121.32333411083984,0.016934057006227892,0.0009145977252304673,-0.9409870768964533,-0.3380173402921497,291.0,0.0
24.997895376586914,121.32333411083984,0.011477291478491695,0.00438625815872116,-0.9390507350411735,-0.34355894623530686,284.0,0.0
24.99789346923828,121.32334174023437,0.0042142302053639865,0.010607741446005011,-0.9372552120548908,-0.3484571473813277,285.0,91.0
24.99789156188965,121.32334174023437,0.018799417472613933,-0.00012846678300441113,-0.9360593212008225,-0.35133959724464836,476.0,80.0
24.997889654541016,121.32334174023437,0.004545216395315408,0.00809516313681029,-0.94192261895483,-0.33570163723607677,1151.0,0.0
24.997887747192383,121.3233493696289,0.012558197444195816,0.002912455317381096,-0.9471599977686292,-0.32050233682128904,225.0,0.0
24.99788583984375,121.3233493696289,0.00762044670894939,0.008321217735989483,-0.9460115907086866,-0.32393634617339073,742.0,0.0
24.997883932495117,121.3233493696289,0.011397934128268587,0.0056082131885789345,-0.9481361059719255,-0.31761070447142165,809.0,0.0
24.997882025146485,121.3233493696289,0.010250065376121621,0.004428455852771213,-0.9388037812832162,-0.3442713830495944,1151.0,0.0
24.997882025146485,121.32335699902343,0.005367097288070814,0.007539209899646583,-0.9459487186468923,-0.32418417029690383,121.0,36.0
24.997880117797852,121.32335699902343,0.003575176007896907,0.008656689909118637,-0.9451698732319774,-0.3264447741517357,146.0,59.0
24.99787821044922,121.32335699902343,0.0035955015796895824,0.00893774552238955,-0.9407842200057014,-0.33886906093892893,412.0,82.0
24.997876303100586,121.32336462841796,0.0013235749530016987,0.0093354679310585,-0.9416447009329891,-0.3364763801408259,428.0,39.0
24.997874395751953,121.32336462841796,0.006814102199172835,0.00709903020180825,-0.9424439656797837,-0.33421930425272545,506.0,0.0
24.99787248840332,121.32336462841796,0.0014095796024763867,0.011097062405974046,-0.9425173945491598,-0.3339698029217097,231.0,58.0
24.997870581054688,121.32336462841796,0.008841097564615014,0.002743362414872119,-0.942435549064044,-0.3342596966684246,726.5,0.0
24.997870581054688,121.3233722578125,0.0006934465901271077,0.008440944091909427,-0.9432594510575819,-0.33194860684330857,909.5,0.0
24.997868673706055,121.3233722578125,0.008582856396728707,0.00481320834413451,-0.9453081828174371,-0.32603007085222074,231.0,75.0
24.997866766357422,121.3233722578125,0.010063529068986526,0.004728879218035106,-0.9451987078562899,-0.32630624534449026,216.5,0.0
24.99786485900879,121.3233722578125,0.008990383523035914,0.005193328722245453,-0.9457457659000421,-0.32474166443964986,317.0,36.0
24.997862951660156,121.32337988720703,0.014756493123291602,4.003450271329676e-05,-0.9439524908030652,-0.329751329663172,258.0,53.0
24.997861044311524,121.32337988720703,0.010445788655022766,0.003316902017575444,-0.9463861738039338,-0.32285150408993146,18.0,63.0
24.99785913696289,121.32337988720703,0.009535412896451828,0.002600516188560457,-0.9461828931506604,-0.3234814460297423,-26.0,67.5
24.997857229614258,121.32338751660156,0.007692668915099228,0.002902550130732414,-0.944557058468622,-0.32824436224374887,203.5,0.0
24.997855322265625,121.32338751660156,0.0033885763527901694,0.006386514882988662,-0.9456257250279645,-0.3251764415564065,194.0,0.0
24.997853414916992,121.32338751660156,0.001762393590434438,0.009163835717611967,-0.9457676069592243,-0.32470995012533144,115.5,54.0
24.997853414916992,121.32339514599609,0.001342883184722078,0.007590482518787409,-0.9460191390123533,-0.3240190887312193,213.0,0.0
24.99785150756836,121.32339514599609,0.002049574735389727,0.004228226858319602,-0.946358734701599,-0.32308368357907985,194.0,0.0
24.997849600219727,121.32339514599609,0.0037465843079452646,0.005679677701888633,-0.946560631093453,-0.32245414562568453,213.0,0.0
24.99784578552246,121.32340277539062,0.00784422200040051,0.0008693451052179143,-0.9479940676914426,-0.31819013190564066,194.0,66.0
24.997840063476563,121.32341040478515,0.0023121367667181783,0.006383554292851277,-0.9464147851607864,-0.32288226753295796,278.5,0.0
24.99783815612793,121.32341040478515,0.003536935053083022,0.006001721318536101,-0.9487408764352483,-0.31597819357120493,412.0,0.0
24.99783243408203,121.32341803417968,0.006568848992883111,0.004896545667501825,-0.9453000668924117,-0.32609915301428904,213.0,0.0
24.99787248840332,121.3233722578125,0.006277694536099224,0.005627625787696867,-0.9424648616768536,-0.33419890018331005,5271.0,69.0
24.99786485900879,121.32337988720703,0.014348953325244404,-5.409475537291198e-05,-0.9448741359486016,-0.327119201251793,740.0,93.0
24.997861044311524,121.32338751660156,0.012574389800926442,-0.0005390060114703653,-0.9414361948012638,-0.3369562068159165,753.5,0.0
24.99785913696289,121.32338751660156,0.013866959831354681,-0.0019617107352819197,-0.9428206478532435,-0.3330061337237152,705.0,0.0
24.997847692871094,121.32340277539062,-0.00207619039406739,0.008788214551787691,-0.9534917812301249,-0.30128371984732805,194.0,0.0
24.997841970825196,121.32341040478515,0.0003259576184878653,0.007594845672135643,-0.9543219564944677,-0.2986834702882278,194.0,0.0
24.997836248779297,121.32341803417968,0.0022443459578167487,0.005929960545900771,-0.9495617255794726,-0.31351607262416403,266.0,0.0
24.997834341430664,121.32341803417968,0.0025153217030439022,0.006302235684722175,-0.9502542552677214,-0.31140135729905305,342.0,0.0
24.99783243408203,121.32342566357421,0.00643390923426982,0.005633592965369041,-0.9482670489985985,-0.317358584610146,257.0,0.0
24.9978305267334,121.32342566357421,0.007722818807990248,0.0033820529675247296,-0.9490200054817381,-0.3151030767587419,129.0,0.0
24.99800028076172,121.32318915234374,0.004789943713232475,0.014040497642618319,-0.9530102373496533,-0.302574632730388,1057.0,104.0
24.99799455871582,121.32319678173828,0.010408770678052947,0.009217618025849283,-0.9546217185907506,-0.2974963317517426,1562.0,86.0
24.997988836669922,121.3232044111328,0.015101878784944157,0.009317146138103078,-0.9537961312727034,-0.29993009854669467,224.0,59.0
24.997983114624024,121.32321204052734,0.008908118331027011,0.013524981563149421,-0.9560780807852085,-0.29266435338727037,292.0,0.0
24.997977392578125,121.32321966992187,0.006064312921790482,0.015247571889785805,-0.9552137787025413,-0.2954612878822962,686.5,0.0
24.997971670532227,121.3232272993164,0.00344593390821909,0.016881226328268502,-0.9592772946572128,-0.2819401030224199,507.0,0.0
24.99796594848633,121.32323492871093,0.015450456085128954,0.00910148014263071,-0.9428757626908442,-0.33266160372987746,343.0,90.0
24.99796022644043,121.3232501875,0.025082336791985634,0.0010223208997434726,-0.9486617539594906,-0.3152946365156477,540.0,24.0
24.997923986816406,121.32330359326171,0.007352270635230347,0.007618819032817351,-0.9443343775707616,-0.32881678949088594,948.0,0.0
24.99792017211914,121.32330359326171,0.0053200882801016924,0.010645421869097917,-0.9532359045320931,-0.301992850850485,355.0,67.0
24.997883932495117,121.32335699902343,0.00730126185871801,0.007157064484721394,-0.9484121776060553,-0.31687506902842977,-626.0,0.0
24.99787821044922,121.32336462841796,0.0005555227456301107,0.009871308968963743,-0.9446961996347001,-0.3277977105616715,185.0,0.0
24.99784387817383,121.32340277539062,0.02207550135390069,-0.0068527974576640515,-0.9480494114767768,-0.3172822478575108,22.0,0.0
24.998019354248047,121.32315863476562,0.01961937649761783,-0.0010494301990593103,-0.9490671641965029,-0.3144606439701317,809.0,0.0
24.997876303100586,121.32335699902343,0.009914173474906175,0.0037586728670410967,-0.9402032490406802,-0.34044886846035594,1222.0,79.0
24.997862951660156,121.3233722578125,0.003339387208849789,0.007985282582062716,-0.9480169227758566,-0.3181021815168035,342.0,72.0
24.99796785583496,121.32324255810546,0.02322829055514101,0.002233010290898497,-0.9545564421928925,-0.2971152282380928,672.0,73.0
24.99800791015625,121.32319678173828,0.005168971935693142,0.015579633203011851,-0.9560014031749812,-0.29290249894095305,-141.0,0.0
24.997941152954102,121.32329596386718,0.003687281836887447,0.017860387228723896,-0.9516099479173088,-0.3067668781754512,329.0,0.0
24.997923986816406,121.32331885205078,-0.0011683892846657872,0.014178319720341465,-0.9404132762900853,-0.33973589726982795,122.0,22.0
24.997889654541016,121.32336462841796,0.025373321909463543,-0.006268249261304636,-0.9372694549634546,-0.34762461417308405,1569.0,0.0
24.997882025146485,121.3233722578125,0.0032865230418893028,0.013150186205909171,-0.9474713032885048,-0.3195534396839236,-508.0,5.5
24.99786485900879,121.32339514599609,0.002653917432207991,0.00754184913638823,-0.9440015383230007,-0.32984416453482296,-57.0,0.0
24.998025076293946,121.32317389355468,0.027194993112808433,-0.0029722365911007426,-0.9521525383873702,-0.3043963564199289,206.0,96.0
24.99802698364258,121.32317389355468,0.0337351766080369,-0.00904601123119619,-0.950663968100477,-0.308250105102147,206.0,97.0
24.99801363220215,121.32318915234374,0.005568754125284915,0.019742771018061447,-0.9601816078144753,-0.278622490091575,-524.0,0.0
24.998006002807617,121.32319678173828,0.005118164828996595,0.019900881007932497,-0.9578844321249768,-0.28641783117763825,-1677.0,27.0
24.997998373413086,121.3232044111328,0.0026778514861200893,0.019735047449913244,-0.9542964601899411,-0.29819728885842756,-3794.0,28.0
24.99799455871582,121.32321204052734,0.0014797215439382675,0.01884281026432791,-0.9503014398891241,-0.31075703092633733,-508.0,29.0
24.99785913696289,121.32340277539062,-0.001729588285520362,0.011311042801259816,-0.9506051057607127,-0.31019187890203564,36.0,92.0
24.997853414916992,121.32341040478515,0.01521245675233672,-0.0014473268417284375,-0.9494259163683708,-0.3136190614944361,36.0,0.0
24.997847692871094,121.32341803417968,0.008656947771413152,0.005185658721650279,-0.9500910305162834,-0.3118095571521378,36.0,0.0
24.997836248779297,121.32343329296874,0.005257047955792016,0.0038428398456119323,-0.9521332280341892,-0.3056139919930141,38.0,0.0
